{
  "anchors": [
    2.09,
    3.03,
    1.84,
    2.89,
    1.72,
    2.47,
    1.59,
    2.25,
    1.84,
    2.25
  ],
  "inputs": {
    "input0": [
      224,
      224,
      3
    ]
  },
  "outputs": {
    "output0": [
      7,
      7,
      30
    ]
  },
  "params_quantity": 1856046,
  "loss": [
    [
      1,
      2.44879
    ],
    [
      2,
      1.58171
    ],
    [
      3,
      2.24559
    ],
    [
      4,
      2.14451
    ],
    [
      5,
      1.93964
    ],
    [
      6,
      0.67591
    ],
    [
      7,
      0.40724
    ],
    [
      8,
      0.10293
    ],
    [
      9,
      0.08664
    ],
    [
      10,
      0.08176
    ],
    [
      11,
      0.07252
    ],
    [
      12,
      0.06027
    ],
    [
      13,
      0.05349
    ],
    [
      14,
      0.04385
    ],
    [
      15,
      0.03629
    ],
    [
      16,
      0.02977
    ],
    [
      17,
      0.02665
    ],
    [
      18,
      0.0208
    ],
    [
      19,
      0.01983
    ],
    [
      20,
      0.01662
    ],
    [
      21,
      0.01412
    ],
    [
      22,
      0.01336
    ],
    [
      23,
      0.0121
    ],
    [
      24,
      0.01203
    ],
    [
      25,
      0.01049
    ],
    [
      26,
      0.01054
    ],
    [
      27,
      0.00962
    ],
    [
      28,
      0.00941
    ],
    [
      29,
      0.00899
    ],
    [
      30,
      0.0085
    ],
    [
      31,
      0.00774
    ],
    [
      32,
      0.00765
    ],
    [
      33,
      0.00693
    ],
    [
      34,
      0.00695
    ],
    [
      35,
      0.00692
    ],
    [
      36,
      0.00659
    ],
    [
      37,
      0.00671
    ],
    [
      38,
      0.00673
    ],
    [
      39,
      0.00598
    ],
    [
      40,
      0.00588
    ],
    [
      41,
      0.00584
    ],
    [
      42,
      0.00543
    ],
    [
      43,
      0.00549
    ],
    [
      44,
      0.00529
    ],
    [
      45,
      0.00561
    ],
    [
      46,
      0.00516
    ],
    [
      47,
      0.00457
    ],
    [
      48,
      0.00463
    ],
    [
      49,
      0.00436
    ],
    [
      50,
      0.0044
    ],
    [
      51,
      0.00413
    ],
    [
      52,
      0.00413
    ],
    [
      53,
      0.00405
    ],
    [
      54,
      0.00435
    ],
    [
      55,
      0.00397
    ],
    [
      56,
      0.00368
    ],
    [
      57,
      0.00353
    ],
    [
      58,
      0.00354
    ],
    [
      59,
      0.00382
    ],
    [
      60,
      0.0037
    ],
    [
      61,
      0.00333
    ],
    [
      62,
      0.00334
    ],
    [
      63,
      0.00339
    ],
    [
      64,
      0.00323
    ],
    [
      65,
      0.00298
    ],
    [
      66,
      0.00314
    ],
    [
      67,
      0.00308
    ],
    [
      68,
      0.0029
    ],
    [
      69,
      0.00271
    ],
    [
      70,
      0.00283
    ],
    [
      71,
      0.00271
    ],
    [
      72,
      0.00252
    ],
    [
      73,
      0.00276
    ],
    [
      74,
      0.00285
    ],
    [
      75,
      0.00277
    ],
    [
      76,
      0.00267
    ],
    [
      77,
      0.00253
    ],
    [
      78,
      0.0027
    ],
    [
      79,
      0.00232
    ],
    [
      80,
      0.00232
    ],
    [
      81,
      0.00221
    ],
    [
      82,
      0.00233
    ],
    [
      83,
      0.00211
    ],
    [
      84,
      0.00212
    ],
    [
      85,
      0.00204
    ],
    [
      86,
      0.00222
    ],
    [
      87,
      0.00234
    ],
    [
      88,
      0.00217
    ],
    [
      89,
      0.0022
    ],
    [
      90,
      0.00215
    ],
    [
      91,
      0.00227
    ],
    [
      92,
      0.00193
    ],
    [
      93,
      0.00194
    ],
    [
      94,
      0.00216
    ],
    [
      95,
      0.00186
    ],
    [
      96,
      0.00186
    ],
    [
      97,
      0.00187
    ],
    [
      98,
      0.00191
    ],
    [
      99,
      0.00192
    ],
    [
      100,
      0.00197
    ]
  ],
  "acc": [
    [
      1,
      0.08168
    ],
    [
      2,
      0.30965
    ],
    [
      3,
      0.6515
    ],
    [
      4,
      0.46265
    ],
    [
      5,
      0.22587
    ],
    [
      6,
      0.16918
    ],
    [
      7,
      0.27466
    ],
    [
      8,
      0.33263
    ],
    [
      9,
      0.36285
    ],
    [
      10,
      0.38138
    ],
    [
      11,
      0.3917
    ],
    [
      12,
      0.39551
    ],
    [
      13,
      0.3978
    ],
    [
      14,
      0.39486
    ],
    [
      15,
      0.39789
    ],
    [
      16,
      0.40018
    ],
    [
      17,
      0.40394
    ],
    [
      18,
      0.40807
    ],
    [
      19,
      0.41151
    ],
    [
      20,
      0.41541
    ],
    [
      21,
      0.41701
    ],
    [
      22,
      0.41546
    ],
    [
      23,
      0.41669
    ],
    [
      24,
      0.4172
    ],
    [
      25,
      0.41931
    ],
    [
      26,
      0.42013
    ],
    [
      27,
      0.41889
    ],
    [
      28,
      0.41683
    ],
    [
      29,
      0.41701
    ],
    [
      30,
      0.4166
    ],
    [
      31,
      0.41729
    ],
    [
      32,
      0.41908
    ],
    [
      33,
      0.41931
    ],
    [
      34,
      0.41665
    ],
    [
      35,
      0.4188
    ],
    [
      36,
      0.41674
    ],
    [
      37,
      0.41857
    ],
    [
      38,
      0.41816
    ],
    [
      39,
      0.41724
    ],
    [
      40,
      0.4211
    ],
    [
      41,
      0.41931
    ],
    [
      42,
      0.42091
    ],
    [
      43,
      0.42215
    ],
    [
      44,
      0.41995
    ],
    [
      45,
      0.42183
    ],
    [
      46,
      0.42013
    ],
    [
      47,
      0.42206
    ],
    [
      48,
      0.42463
    ],
    [
      49,
      0.42114
    ],
    [
      50,
      0.42311
    ],
    [
      51,
      0.4233
    ],
    [
      52,
      0.42449
    ],
    [
      53,
      0.42444
    ],
    [
      54,
      0.42577
    ],
    [
      55,
      0.42357
    ],
    [
      56,
      0.42371
    ],
    [
      57,
      0.42481
    ],
    [
      58,
      0.42651
    ],
    [
      59,
      0.42554
    ],
    [
      60,
      0.42458
    ],
    [
      61,
      0.42591
    ],
    [
      62,
      0.42499
    ],
    [
      63,
      0.42687
    ],
    [
      64,
      0.42637
    ],
    [
      65,
      0.42573
    ],
    [
      66,
      0.42642
    ],
    [
      67,
      0.42715
    ],
    [
      68,
      0.42467
    ],
    [
      69,
      0.42596
    ],
    [
      70,
      0.42651
    ],
    [
      71,
      0.42628
    ],
    [
      72,
      0.42674
    ],
    [
      73,
      0.4271
    ],
    [
      74,
      0.42665
    ],
    [
      75,
      0.42674
    ],
    [
      76,
      0.42564
    ],
    [
      77,
      0.42609
    ],
    [
      78,
      0.4255
    ],
    [
      79,
      0.42545
    ],
    [
      80,
      0.42747
    ],
    [
      81,
      0.42573
    ],
    [
      82,
      0.42587
    ],
    [
      83,
      0.42742
    ],
    [
      84,
      0.42816
    ],
    [
      85,
      0.42775
    ],
    [
      86,
      0.4305
    ],
    [
      87,
      0.43013
    ],
    [
      88,
      0.42788
    ],
    [
      89,
      0.42811
    ],
    [
      90,
      0.42761
    ],
    [
      91,
      0.42931
    ],
    [
      92,
      0.4271
    ],
    [
      93,
      0.42816
    ],
    [
      94,
      0.43086
    ],
    [
      95,
      0.42669
    ],
    [
      96,
      0.42554
    ],
    [
      97,
      0.42747
    ],
    [
      98,
      0.42889
    ],
    [
      99,
      0.42825
    ],
    [
      100,
      0.42687
    ]
  ],